[{"fields": {"expire_date": "2015-04-20T16:54:18Z", "session_data": "YTg2OThlM2Y3NmRhOGQ4MTM3NmNiNWYzZjI0OTMyMDI0YWRjNWI0Yzp7Il9hdXRoX3VzZXJfaGFzaCI6ImQyNWVlOGQ4NjdmYWQzZjA0NmZiNmExYTAyYzZjZTE1ZTEzYTlhMWEiLCJfYXV0aF91c2VyX2JhY2tlbmQiOiJkamFuZ28uY29udHJpYi5hdXRoLmJhY2tlbmRzLk1vZGVsQmFja2VuZCIsIl9hdXRoX3VzZXJfaWQiOjJ9"}, "model": "sessions.session", "pk": "51odbuieauggm3d51xjr8qu0z9zljz3b"}, {"fields": {"expire_date": "2015-04-20T14:09:25Z", "session_data": "YTI3ZTE3NDE3ODU1MDNmZDljMzVjZDUzZTNhYjBiZTAzMzViMDE0MDp7Il9hdXRoX3VzZXJfaGFzaCI6IjAxNTc0YWQzOGNhZWQ3ZmU1NzZiMmMyZmFhYWRkMjY2Nzk3ZjY5ZGMiLCJfYXV0aF91c2VyX2JhY2tlbmQiOiJkamFuZ28uY29udHJpYi5hdXRoLmJhY2tlbmRzLk1vZGVsQmFja2VuZCIsIl9hdXRoX3VzZXJfaWQiOjN9"}, "model": "sessions.session", "pk": "8ann834kysjv3my5e04yud9yqqj6agsu"}, {"fields": {"value": "{\"storage\": \"django.core.files.storage.FileSystemStorage\", \"name\": \"cache/b5/0d/b50d5daa64903cb881ec71fc04da6675.jpg\", \"size\": [100, 100]}"}, "model": "thumbnail.kvstore", "pk": "sorl-thumbnail||image||0a8657e9fe55aaa4479596f3ac6e41e4"}, {"fields": {"value": "{\"storage\": \"django.core.files.storage.FileSystemStorage\", \"name\": \"cache/93/cb/93cb46a0b3faac6949c27a0ac3441e9e.jpg\", \"size\": [100, 100]}"}, "model": "thumbnail.kvstore", "pk": "sorl-thumbnail||image||129f26080b95d44ac3462afc65bbd24c"}, {"fields": {"value": "{\"storage\": \"django.core.files.storage.FileSystemStorage\", \"name\": \"cache/f4/0f/f40f31b55d12ec4dd7e812f6260c3395.jpg\", \"size\": [200, 200]}"}, "model": "thumbnail.kvstore", "pk": "sorl-thumbnail||image||13da0dd0a8c8760f2c3b991173f00036"}, {"fields": {"value": "{\"storage\": \"django.core.files.storage.FileSystemStorage\", \"name\": \"cache/ca/20/ca20a62c536a1686375ce6f42691543b.jpg\", \"size\": [40, 40]}"}, "model": "thumbnail.kvstore", "pk": "sorl-thumbnail||image||22a8a4914ef30db15a23b37f9349f61b"}, {"fields": {"value": "{\"storage\": \"django.core.files.storage.FileSystemStorage\", \"name\": \"photos/AK_8z9pKTP.jpg\", \"size\": [3264, 2448]}"}, "model": "thumbnail.kvstore", "pk": "sorl-thumbnail||image||261712ce4e4a7916d8796a4a90928073"}, {"fields": {"value": "{\"storage\": \"django.core.files.storage.FileSystemStorage\", \"name\": \"ads/mlb.jpeg\", \"size\": [310, 174]}"}, "model": "thumbnail.kvstore", "pk": "sorl-thumbnail||image||2a13a1b0410afafef7406f70dbd339bc"}, {"fields": {"value": "{\"storage\": \"django.core.files.storage.FileSystemStorage\", \"name\": \"cache/99/40/99408f1837b9c04f05aa1f8361eea9fa.jpg\", \"size\": [200, 200]}"}, "model": "thumbnail.kvstore", "pk": "sorl-thumbnail||image||2dafda509d4158a31f9c35874bc5f169"}, {"fields": {"value": "{\"storage\": \"django.core.files.storage.FileSystemStorage\", \"name\": \"photos/AK7.jpeg\", \"size\": [640, 480]}"}, "model": "thumbnail.kvstore", "pk": "sorl-thumbnail||image||307721b45bdd98e6b942c4b482f8ff5a"}, {"fields": {"value": "{\"storage\": \"django.core.files.storage.FileSystemStorage\", \"name\": \"cache/cd/d3/cdd3b8ac87481700d621d6dd2c6262fa.jpg\", \"size\": [40, 40]}"}, "model": "thumbnail.kvstore", "pk": "sorl-thumbnail||image||3c218d6c4c0eb3cacc6c410ac8b6f8c4"}, {"fields": {"value": "{\"storage\": \"django.core.files.storage.FileSystemStorage\", \"name\": \"cache/1d/e9/1de9998786b012aa8f586983e99fefcf.jpg\", \"size\": [30, 30]}"}, "model": "thumbnail.kvstore", "pk": "sorl-thumbnail||image||595584f6324565516497f71cb3bdcb07"}, {"fields": {"value": "{\"storage\": \"django.core.files.storage.FileSystemStorage\", \"name\": \"cache/dd/f0/ddf0943301662e5f50add672c3c0e42e.jpg\", \"size\": [30, 30]}"}, "model": "thumbnail.kvstore", "pk": "sorl-thumbnail||image||5c85e81b769981178a66b7620b28211d"}, {"fields": {"value": "{\"storage\": \"django.core.files.storage.FileSystemStorage\", \"name\": \"cache/ee/7d/ee7d6241864c31fd1eba438f10c9636f.jpg\", \"size\": [100, 100]}"}, "model": "thumbnail.kvstore", "pk": "sorl-thumbnail||image||6ed589077c6d16d5ccdbcfa8c74eae1e"}, {"fields": {"value": "{\"storage\": \"django.core.files.storage.FileSystemStorage\", \"name\": \"cache/12/69/12695bd2e90a2f4840227e03c9877093.jpg\", \"size\": [100, 100]}"}, "model": "thumbnail.kvstore", "pk": "sorl-thumbnail||image||8140c13c2dc6133956271253526e7360"}, {"fields": {"value": "{\"storage\": \"django.core.files.storage.FileSystemStorage\", \"name\": \"cache/c2/ae/c2aeb9602d61479c8ee64bbc146bdadb.jpg\", \"size\": [100, 100]}"}, "model": "thumbnail.kvstore", "pk": "sorl-thumbnail||image||81a5e1e2a8e4bc758604589970c267e4"}, {"fields": {"value": "{\"storage\": \"django.core.files.storage.FileSystemStorage\", \"name\": \"ads/advertise-here_DMdEvsF.jpg\", \"size\": [264, 264]}"}, "model": "thumbnail.kvstore", "pk": "sorl-thumbnail||image||988fe2c661af2a10a50c21eb79ee6d75"}, {"fields": {"value": "{\"storage\": \"django.core.files.storage.FileSystemStorage\", \"name\": \"cache/9f/6c/9f6ceca61040efc3391e77bc4c647460.jpg\", \"size\": [30, 30]}"}, "model": "thumbnail.kvstore", "pk": "sorl-thumbnail||image||9c6e32242df023877451373bcaa53591"}, {"fields": {"value": "{\"storage\": \"django.core.files.storage.FileSystemStorage\", \"name\": \"cache/de/87/de87b155d8f5397ea105a98809658276.jpg\", \"size\": [150, 150]}"}, "model": "thumbnail.kvstore", "pk": "sorl-thumbnail||image||a77437d792f317bd51d03f16039ba469"}, {"fields": {"value": "{\"storage\": \"django.core.files.storage.FileSystemStorage\", \"name\": \"ads/fender.jpeg\", \"size\": [295, 300]}"}, "model": "thumbnail.kvstore", "pk": "sorl-thumbnail||image||b24a0faa758a3726433a553aa93dc978"}, {"fields": {"value": "{\"storage\": \"django.core.files.storage.FileSystemStorage\", \"name\": \"photos/AK11.jpeg\", \"size\": [640, 480]}"}, "model": "thumbnail.kvstore", "pk": "sorl-thumbnail||image||b33c9ffb1eb5331658abb8028d5fb4e8"}, {"fields": {"value": "{\"storage\": \"django.core.files.storage.FileSystemStorage\", \"name\": \"cache/f6/e7/f6e7833adfe56a17012a44c0ee67bd96.jpg\", \"size\": [40, 40]}"}, "model": "thumbnail.kvstore", "pk": "sorl-thumbnail||image||b45f1b9cf17c877753fdfbe89a77f525"}, {"fields": {"value": "{\"storage\": \"django.core.files.storage.FileSystemStorage\", \"name\": \"cache/3e/20/3e206bd594510d68beae2cd8ee3d9119.jpg\", \"size\": [100, 100]}"}, "model": "thumbnail.kvstore", "pk": "sorl-thumbnail||image||b90a6a386edbf9bfc736d5048499a637"}, {"fields": {"value": "{\"storage\": \"django.core.files.storage.FileSystemStorage\", \"name\": \"cache/5b/18/5b18b031140e102a60352263be79a870.jpg\", \"size\": [100, 100]}"}, "model": "thumbnail.kvstore", "pk": "sorl-thumbnail||image||bd5fb018e6f0247d69268a4f1f88b30a"}, {"fields": {"value": "{\"storage\": \"django.core.files.storage.FileSystemStorage\", \"name\": \"photos/btr2.jpg\", \"size\": [4973, 3315]}"}, "model": "thumbnail.kvstore", "pk": "sorl-thumbnail||image||cc3df1ddba72eacb7adffc4d8758415e"}, {"fields": {"value": "{\"storage\": \"django.core.files.storage.FileSystemStorage\", \"name\": \"cache/bd/f2/bdf2a2c061022d9ce04a19fa102559ae.jpg\", \"size\": [200, 200]}"}, "model": "thumbnail.kvstore", "pk": "sorl-thumbnail||image||d7b5e5a8887a8b7899de779c01ec424d"}, {"fields": {"value": "{\"storage\": \"django.core.files.storage.FileSystemStorage\", \"name\": \"cache/fd/47/fd47782733f2964e10602f9c6547e16f.jpg\", \"size\": [40, 40]}"}, "model": "thumbnail.kvstore", "pk": "sorl-thumbnail||image||e3eb8c3ecafdc0e8d7496f1c63cb7b0b"}, {"fields": {"value": "{\"storage\": \"django.core.files.storage.FileSystemStorage\", \"name\": \"cache/e3/7a/e37ad27a089e527f6cc389d08db1cb01.jpg\", \"size\": [30, 30]}"}, "model": "thumbnail.kvstore", "pk": "sorl-thumbnail||image||e8933fcef33fc0fbf323ebfc4d86eb05"}, {"fields": {"value": "[\"5c85e81b769981178a66b7620b28211d\"]"}, "model": "thumbnail.kvstore", "pk": "sorl-thumbnail||thumbnails||261712ce4e4a7916d8796a4a90928073"}, {"fields": {"value": "[\"b90a6a386edbf9bfc736d5048499a637\"]"}, "model": "thumbnail.kvstore", "pk": "sorl-thumbnail||thumbnails||2a13a1b0410afafef7406f70dbd339bc"}, {"fields": {"value": "[\"9c6e32242df023877451373bcaa53591\"]"}, "model": "thumbnail.kvstore", "pk": "sorl-thumbnail||thumbnails||307721b45bdd98e6b942c4b482f8ff5a"}, {"fields": {"value": "[\"81a5e1e2a8e4bc758604589970c267e4\"]"}, "model": "thumbnail.kvstore", "pk": "sorl-thumbnail||thumbnails||988fe2c661af2a10a50c21eb79ee6d75"}, {"fields": {"value": "[\"6ed589077c6d16d5ccdbcfa8c74eae1e\"]"}, "model": "thumbnail.kvstore", "pk": "sorl-thumbnail||thumbnails||b24a0faa758a3726433a553aa93dc978"}, {"fields": {"value": "[\"595584f6324565516497f71cb3bdcb07\"]"}, "model": "thumbnail.kvstore", "pk": "sorl-thumbnail||thumbnails||b33c9ffb1eb5331658abb8028d5fb4e8"}, {"fields": {"value": "[\"e8933fcef33fc0fbf323ebfc4d86eb05\"]"}, "model": "thumbnail.kvstore", "pk": "sorl-thumbnail||thumbnails||cc3df1ddba72eacb7adffc4d8758415e"}, {"fields": {"name": "Interests", "parent": null, "bid_time": "2015-04-06T13:35:05Z", "holds": 1, "will_hold": 2, "bid_price": "1.02"}, "model": "backend.interest", "pk": 1}, {"fields": {"name": "Sports", "parent": 1, "bid_time": "2015-04-06T13:58:29Z", "holds": 4, "will_hold": 3, "bid_price": "1.15"}, "model": "backend.interest", "pk": 2}, {"fields": {"name": "Music", "parent": 1, "bid_time": null, "holds": 1, "will_hold": null, "bid_price": "0.99"}, "model": "backend.interest", "pk": 3}, {"fields": {"name": "Art", "parent": 1, "bid_time": null, "holds": null, "will_hold": null, "bid_price": "0.99"}, "model": "backend.interest", "pk": 4}, {"fields": {"name": "Board Games", "parent": 1, "bid_time": null, "holds": 1, "will_hold": null, "bid_price": "0.99"}, "model": "backend.interest", "pk": 5}, {"fields": {"name": "Tech", "parent": 1, "bid_time": null, "holds": null, "will_hold": null, "bid_price": "0.99"}, "model": "backend.interest", "pk": 6}, {"fields": {"name": "Home Improvement", "parent": 1, "bid_time": null, "holds": null, "will_hold": null, "bid_price": "0.99"}, "model": "backend.interest", "pk": 7}, {"fields": {"name": "Basketball", "parent": 2, "bid_time": null, "holds": 1, "will_hold": null, "bid_price": "0.99"}, "model": "backend.interest", "pk": 8}, {"fields": {"name": "Baseball", "parent": 2, "bid_time": null, "holds": null, "will_hold": null, "bid_price": "0.99"}, "model": "backend.interest", "pk": 9}, {"fields": {"name": "Football", "parent": 2, "bid_time": null, "holds": null, "will_hold": null, "bid_price": "0.99"}, "model": "backend.interest", "pk": 10}, {"fields": {"name": "Rock & Roll", "parent": 3, "bid_time": null, "holds": null, "will_hold": null, "bid_price": "0.99"}, "model": "backend.interest", "pk": 11}, {"fields": {"name": "Pop", "parent": 3, "bid_time": null, "holds": 1, "will_hold": null, "bid_price": "0.99"}, "model": "backend.interest", "pk": 12}, {"fields": {"name": "Apple", "parent": 6, "bid_time": null, "holds": null, "will_hold": null, "bid_price": "0.99"}, "model": "backend.interest", "pk": 13}, {"fields": {"name": "Microsoft", "parent": 6, "bid_time": null, "holds": null, "will_hold": null, "bid_price": "0.99"}, "model": "backend.interest", "pk": 14}, {"fields": {"name": "Graffiti", "parent": 4, "bid_time": null, "holds": null, "will_hold": null, "bid_price": "0.99"}, "model": "backend.interest", "pk": 15}, {"fields": {"name": "Animals", "parent": 1, "bid_time": null, "holds": 1, "will_hold": null, "bid_price": "0.99"}, "model": "backend.interest", "pk": 16}, {"fields": {"name": "Cats", "parent": 16, "bid_time": null, "holds": 1, "will_hold": null, "bid_price": "0.99"}, "model": "backend.interest", "pk": 17}, {"fields": {"name": "dogs", "parent": 16, "bid_time": null, "holds": 1, "will_hold": null, "bid_price": "0.99"}, "model": "backend.interest", "pk": 18}, {"fields": {"name": "Guitar", "parent": 3, "bid_time": null, "holds": 5, "will_hold": null, "bid_price": "0.99"}, "model": "backend.interest", "pk": 19}, {"fields": {"name": "Acoustic Guitar", "parent": 19, "bid_time": null, "holds": 1, "will_hold": null, "bid_price": "0.99"}, "model": "backend.interest", "pk": 20}, {"fields": {"codename": "add_logentry", "name": "Can add log entry", "content_type": 1}, "model": "auth.permission", "pk": 1}, {"fields": {"codename": "change_logentry", "name": "Can change log entry", "content_type": 1}, "model": "auth.permission", "pk": 2}, {"fields": {"codename": "delete_logentry", "name": "Can delete log entry", "content_type": 1}, "model": "auth.permission", "pk": 3}, {"fields": {"codename": "add_permission", "name": "Can add permission", "content_type": 2}, "model": "auth.permission", "pk": 4}, {"fields": {"codename": "change_permission", "name": "Can change permission", "content_type": 2}, "model": "auth.permission", "pk": 5}, {"fields": {"codename": "delete_permission", "name": "Can delete permission", "content_type": 2}, "model": "auth.permission", "pk": 6}, {"fields": {"codename": "add_group", "name": "Can add group", "content_type": 3}, "model": "auth.permission", "pk": 7}, {"fields": {"codename": "change_group", "name": "Can change group", "content_type": 3}, "model": "auth.permission", "pk": 8}, {"fields": {"codename": "delete_group", "name": "Can delete group", "content_type": 3}, "model": "auth.permission", "pk": 9}, {"fields": {"codename": "add_contenttype", "name": "Can add content type", "content_type": 4}, "model": "auth.permission", "pk": 10}, {"fields": {"codename": "change_contenttype", "name": "Can change content type", "content_type": 4}, "model": "auth.permission", "pk": 11}, {"fields": {"codename": "delete_contenttype", "name": "Can delete content type", "content_type": 4}, "model": "auth.permission", "pk": 12}, {"fields": {"codename": "add_session", "name": "Can add session", "content_type": 5}, "model": "auth.permission", "pk": 13}, {"fields": {"codename": "change_session", "name": "Can change session", "content_type": 5}, "model": "auth.permission", "pk": 14}, {"fields": {"codename": "delete_session", "name": "Can delete session", "content_type": 5}, "model": "auth.permission", "pk": 15}, {"fields": {"codename": "add_kvstore", "name": "Can add kv store", "content_type": 6}, "model": "auth.permission", "pk": 16}, {"fields": {"codename": "change_kvstore", "name": "Can change kv store", "content_type": 6}, "model": "auth.permission", "pk": 17}, {"fields": {"codename": "delete_kvstore", "name": "Can delete kv store", "content_type": 6}, "model": "auth.permission", "pk": 18}, {"fields": {"codename": "add_interest", "name": "Can add interest", "content_type": 7}, "model": "auth.permission", "pk": 19}, {"fields": {"codename": "change_interest", "name": "Can change interest", "content_type": 7}, "model": "auth.permission", "pk": 20}, {"fields": {"codename": "delete_interest", "name": "Can delete interest", "content_type": 7}, "model": "auth.permission", "pk": 21}, {"fields": {"codename": "add_facespaceuser", "name": "Can add face space user", "content_type": 8}, "model": "auth.permission", "pk": 22}, {"fields": {"codename": "change_facespaceuser", "name": "Can change face space user", "content_type": 8}, "model": "auth.permission", "pk": 23}, {"fields": {"codename": "delete_facespaceuser", "name": "Can delete face space user", "content_type": 8}, "model": "auth.permission", "pk": 24}, {"fields": {"codename": "add_entity", "name": "Can add entity", "content_type": 9}, "model": "auth.permission", "pk": 25}, {"fields": {"codename": "change_entity", "name": "Can change entity", "content_type": 9}, "model": "auth.permission", "pk": 26}, {"fields": {"codename": "delete_entity", "name": "Can delete entity", "content_type": 9}, "model": "auth.permission", "pk": 27}, {"fields": {"codename": "add_ad", "name": "Can add ad", "content_type": 10}, "model": "auth.permission", "pk": 28}, {"fields": {"codename": "change_ad", "name": "Can change ad", "content_type": 10}, "model": "auth.permission", "pk": 29}, {"fields": {"codename": "delete_ad", "name": "Can delete ad", "content_type": 10}, "model": "auth.permission", "pk": 30}, {"fields": {"codename": "add_comment", "name": "Can add comment", "content_type": 11}, "model": "auth.permission", "pk": 31}, {"fields": {"codename": "change_comment", "name": "Can change comment", "content_type": 11}, "model": "auth.permission", "pk": 32}, {"fields": {"codename": "delete_comment", "name": "Can delete comment", "content_type": 11}, "model": "auth.permission", "pk": 33}, {"fields": {"codename": "add_friendship", "name": "Can add friendship", "content_type": 12}, "model": "auth.permission", "pk": 34}, {"fields": {"codename": "change_friendship", "name": "Can change friendship", "content_type": 12}, "model": "auth.permission", "pk": 35}, {"fields": {"codename": "delete_friendship", "name": "Can delete friendship", "content_type": 12}, "model": "auth.permission", "pk": 36}, {"fields": {"codename": "add_like", "name": "Can add like", "content_type": 13}, "model": "auth.permission", "pk": 37}, {"fields": {"codename": "change_like", "name": "Can change like", "content_type": 13}, "model": "auth.permission", "pk": 38}, {"fields": {"codename": "delete_like", "name": "Can delete like", "content_type": 13}, "model": "auth.permission", "pk": 39}, {"fields": {"codename": "add_photo", "name": "Can add photo", "content_type": 14}, "model": "auth.permission", "pk": 40}, {"fields": {"codename": "change_photo", "name": "Can change photo", "content_type": 14}, "model": "auth.permission", "pk": 41}, {"fields": {"codename": "delete_photo", "name": "Can delete photo", "content_type": 14}, "model": "auth.permission", "pk": 42}, {"fields": {"codename": "add_romance", "name": "Can add romance", "content_type": 15}, "model": "auth.permission", "pk": 43}, {"fields": {"codename": "change_romance", "name": "Can change romance", "content_type": 15}, "model": "auth.permission", "pk": 44}, {"fields": {"codename": "delete_romance", "name": "Can delete romance", "content_type": 15}, "model": "auth.permission", "pk": 45}, {"fields": {"codename": "add_status", "name": "Can add status", "content_type": 16}, "model": "auth.permission", "pk": 46}, {"fields": {"codename": "change_status", "name": "Can change status", "content_type": 16}, "model": "auth.permission", "pk": 47}, {"fields": {"codename": "delete_status", "name": "Can delete status", "content_type": 16}, "model": "auth.permission", "pk": 48}, {"fields": {"username": "dwj300", "interests": [], "first_name": "Douglas", "last_name": "Jordan", "profile_picture": 6, "is_male": true, "is_active": true, "birthday": "1994-01-18", "is_superuser": true, "is_staff": true, "last_login": "2015-04-06T13:54:19Z", "groups": [], "user_permissions": [], "password": "pbkdf2_sha256$15000$FtqLy92JgEAc$w/7LJnS16MLEsewxGywz55LcPPYzHUMlCZTxXzD+3CQ=", "email": "dwj300@gmail.com", "date_joined": "2015-03-24T20:06:30Z"}, "model": "backend.facespaceuser", "pk": 1}, {"fields": {"username": "sam.gbos", "interests": [], "first_name": "Sam", "last_name": "Galambos", "profile_picture": 4, "is_male": true, "is_active": true, "birthday": "1993-04-10", "is_superuser": true, "is_staff": true, "last_login": "2015-04-06T16:54:18Z", "groups": [], "user_permissions": [], "password": "pbkdf2_sha256$15000$Qh00F4GxtBpp$FZlJpXm2pzy+PCKZ6HRWfu7kGWJp/IxcGsRUEl/9rlI=", "email": "sam.gbos@gmail.com", "date_joined": "2015-03-24T20:07:41Z"}, "model": "backend.facespaceuser", "pk": 2}, {"fields": {"username": "brozak", "interests": [], "first_name": "Matt", "last_name": "Rozak", "profile_picture": 7, "is_male": true, "is_active": true, "birthday": "1993-07-16", "is_superuser": true, "is_staff": true, "last_login": "2015-04-06T14:09:25Z", "groups": [], "user_permissions": [], "password": "pbkdf2_sha256$15000$2WfvQQxs6h2n$3u+2Vu95TMpoJ5bNDm1m3ZcploytbRyGJQZzQmL2IGo=", "email": "mattjrozak@gmail.com", "date_joined": "2015-03-24T22:11:56Z"}, "model": "backend.facespaceuser", "pk": 3}, {"fields": {"username": "LilHayah", "interests": [], "first_name": "Yizzle", "last_name": "Young", "profile_picture": null, "is_male": true, "is_active": true, "birthday": "1992-05-05", "is_superuser": false, "is_staff": false, "last_login": "2015-03-27T16:59:14Z", "groups": [], "user_permissions": [], "password": "pbkdf2_sha256$15000$OrB90Xi0BK37$S9L3EgcFhbLp5EHxYAsT5OQiysyEiCJ2zHKz5ickhc8=", "email": "LilHayah@gmai.com", "date_joined": "2015-03-27T16:59:15Z"}, "model": "backend.facespaceuser", "pk": 9}, {"fields": {"confirmed": true, "to_friend": 1, "from_friend": 2, "since": "2015-04-06"}, "model": "backend.friendship", "pk": 1}, {"fields": {"confirmed": true, "to_friend": 3, "from_friend": 1, "since": "2015-04-06"}, "model": "backend.friendship", "pk": 2}, {"fields": {"confirmed": false, "to_friend": 9, "from_friend": 3, "since": "2015-04-06"}, "model": "backend.friendship", "pk": 3}, {"fields": {"caption": "AK", "image": "photos/AK_8z9pKTP.jpg"}, "model": "backend.photo", "pk": 1}, {"fields": {"caption": "asdf", "image": "photos/AK7.jpeg"}, "model": "backend.photo", "pk": 4}, {"fields": {"caption": "Doug", "image": "photos/AK11.jpeg"}, "model": "backend.photo", "pk": 6}, {"fields": {"caption": "Me!", "image": "photos/btr2.jpg"}, "model": "backend.photo", "pk": 7}, {"fields": {"text": "hi there"}, "model": "backend.status", "pk": 2}, {"fields": {"text": "again?"}, "model": "backend.status", "pk": 3}, {"fields": {"text": "Hi I'm doug"}, "model": "backend.status", "pk": 5}, {"fields": {"text": "I'm feeling good!"}, "model": "backend.status", "pk": 8}, {"fields": {"user": 2, "time_created": "2015-04-04T19:18:39Z"}, "model": "backend.entity", "pk": 1}, {"fields": {"user": 2, "time_created": "2015-04-06T13:40:49Z"}, "model": "backend.entity", "pk": 2}, {"fields": {"user": 2, "time_created": "2015-04-06T13:42:05Z"}, "model": "backend.entity", "pk": 3}, {"fields": {"user": 2, "time_created": "2015-04-06T13:42:30Z"}, "model": "backend.entity", "pk": 4}, {"fields": {"user": 1, "time_created": "2015-04-06T13:54:43Z"}, "model": "backend.entity", "pk": 5}, {"fields": {"user": 1, "time_created": "2015-04-06T13:55:09Z"}, "model": "backend.entity", "pk": 6}, {"fields": {"user": 3, "time_created": "2015-04-06T16:55:13Z"}, "model": "backend.entity", "pk": 7}, {"fields": {"user": 3, "time_created": "2015-04-06T16:55:28Z"}, "model": "backend.entity", "pk": 8}, {"fields": {"owner": 2, "name": "AdHere", "content_photo": "ads/advertise-here_DMdEvsF.jpg"}, "model": "backend.ad", "pk": 1}, {"fields": {"owner": 2, "name": "sunset", "content_photo": "ads/AK_sunset.jpeg"}, "model": "backend.ad", "pk": 2}, {"fields": {"owner": 1, "name": "Alaska", "content_photo": "ads/DSCN3305.JPG"}, "model": "backend.ad", "pk": 3}, {"fields": {"owner": 3, "name": "MLB", "content_photo": "ads/mlb.jpeg"}, "model": "backend.ad", "pk": 4}, {"fields": {"owner": 3, "name": "fender", "content_photo": "ads/fender.jpeg"}, "model": "backend.ad", "pk": 5}, {"fields": {"action_flag": 3, "action_time": "2015-04-04T22:16:01Z", "object_repr": "1", "object_id": "1", "change_message": "", "user": 2, "content_type": 10}, "model": "admin.logentry", "pk": 1}, {"fields": {"action_flag": 3, "action_time": "2015-04-04T22:19:32Z", "object_repr": "2", "object_id": "2", "change_message": "", "user": 2, "content_type": 10}, "model": "admin.logentry", "pk": 2}, {"fields": {"action_flag": 3, "action_time": "2015-04-06T16:37:39Z", "object_repr": "Electric Guitar", "object_id": "21", "change_message": "", "user": 3, "content_type": 7}, "model": "admin.logentry", "pk": 3}, {"fields": {"action_flag": 2, "action_time": "2015-04-06T16:43:31Z", "object_repr": "Sports", "object_id": "2", "change_message": "Changed holds.", "user": 3, "content_type": 7}, "model": "admin.logentry", "pk": 4}, {"fields": {"action_flag": 2, "action_time": "2015-04-06T16:44:15Z", "object_repr": "Guitar", "object_id": "19", "change_message": "Changed holds.", "user": 3, "content_type": 7}, "model": "admin.logentry", "pk": 5}, {"fields": {"action_flag": 3, "action_time": "2015-04-06T16:49:57Z", "object_repr": "Face Space", "object_id": "10", "change_message": "", "user": 3, "content_type": 8}, "model": "admin.logentry", "pk": 6}]